"timestamp","flight","code","track","id","lon","lat","alt","dist"
"1",2015-04-04 06:20:07,"AAL14","A17708",0,"A17708AAL140",-118.24535,34.03272,3925,19658.0798439048
"2",2015-04-04 06:19:05,"AAL14","A17708",0,"A17708AAL140",-118.3437,34.02382,3850,10533.6383692102
"3",2015-04-04 06:18:57,"AAL14","A17708",0,"A17708AAL140",-118.3437,34.02382,4925,10533.6383692102
"4",2015-04-04 06:18:52,"AAL14","A17708",0,"A17708AAL140",-118.3514,34.02296,5150,9816.83572543156
"5",2015-04-04 06:18:49,"AAL14","A17708",0,"A17708AAL140",-118.35588,34.02261,5275,9402.22999632284
"6",2015-04-04 06:18:47,"AAL14","A17708",0,"A17708AAL140",-118.35846,34.02228,5375,9161.37594288662
"7",2015-04-04 06:18:46,"AAL14","A17708",0,"A17708AAL140",-118.35983,34.0221,5425,9033.40246607729
"8",2015-04-04 06:18:45,"AAL14","A17708",0,"A17708AAL140",-118.36137,34.02191,5450,8889.75014571847
"9",2015-04-04 06:18:44,"AAL14","A17708",0,"A17708AAL140",-118.36567,34.02159,5450,8492.10855630431
"10",2015-04-04 06:18:42,"AAL14","A17708",0,"A17708AAL140",-118.36567,34.02159,5475,8492.10855630431
"11",2015-04-04 06:18:41,"AAL14","A17708",0,"A17708AAL140",-118.3672,34.02141,5550,8349.53429298176
"12",2015-04-04 06:18:40,"AAL14","A17708",0,"A17708AAL140",-118.38781,34.01917,5575,6432.13815877607
"13",2015-04-04 06:18:34,"AAL14","A17708",0,"A17708AAL140",-118.38781,34.01917,5600,6432.13815877607
"14",2015-04-04 06:18:29,"AAL14","A17708",0,"A17708AAL140",-118.38781,34.01917,5800,6432.13815877607
"15",2015-04-04 06:18:27,"AAL14","A17708",0,"A17708AAL140",-118.38781,34.01917,5875,6432.13815877607
"16",2015-04-04 06:18:26,"AAL14","A17708",0,"A17708AAL140",-118.38934,34.01898,5950,6289.3975089835
"17",2015-04-04 06:18:25,"AAL14","A17708",0,"A17708AAL140",-118.39073,34.01884,5950,6160.28481169159
"18",2015-04-04 06:18:22,"AAL14","A17708",0,"A17708AAL140",-118.42764,34.01488,6050,2729.34980171099
"19",2015-04-04 06:18:14,"AAL14","A17708",0,"A17708AAL140",-118.42764,34.01488,6275,2729.34980171099
"20",2015-04-04 06:18:01,"AAL14","A17708",0,"A17708AAL140",-118.42764,34.01488,6375,2729.34980171099
"21",2015-04-04 06:17:59,"AAL14","A17708",0,"A17708AAL140",-118.42764,34.01488,6625,2729.34980171099
"22",2015-04-04 06:17:58,"AAL14","A17708",0,"A17708AAL140",-118.43604,34.01404,6675,1951.57345347888
"23",2015-04-04 06:17:54,"AAL14","A17708",0,"A17708AAL140",-118.43604,34.01404,6700,1951.57345347888
"24",2015-04-04 06:17:52,"AAL14","A17708",0,"A17708AAL140",-118.4388,34.01367,6800,1694.16800196632
"25",2015-04-04 06:17:51,"AAL14","A17708",0,"A17708AAL140",-118.44223,34.01335,6825,1378.49478338422
"26",2015-04-04 06:17:49,"AAL14","A17708",0,"A17708AAL140",-118.44412,34.01316,6875,1204.76581689995
"27",2015-04-04 06:17:48,"AAL14","A17708",0,"A17708AAL140",-118.4491,34.01266,6900,751.378591981042
"28",2015-04-04 06:17:42,"AAL14","A17708",0,"A17708AAL140",-118.45356,34.01214,6925,361.159851529166
"29",2015-04-04 06:17:23,"AAL14","A17708",0,"A17708AAL140",-118.48172,34.01161,6975,2317.36992566213
"30",2015-04-04 00:52:13,"AAL185","A0428A",0,"A0428AAAL1850",-118.54237,34.01507,5875,7926.9989151472
"31",2015-04-04 00:51:52,"AAL185","A0428A",0,"A0428AAAL1850",-118.53813,34.01484,6425,7534.9316963319
"32",2015-04-04 00:51:51,"AAL185","A0428A",0,"A0428AAAL1850",-118.53598,34.01468,6450,7335.79335519724
"33",2015-04-04 00:51:49,"AAL185","A0428A",0,"A0428AAAL1850",-118.53598,34.01468,6475,7335.79335519724
"34",2015-04-04 00:51:48,"AAL185","A0428A",0,"A0428AAAL1850",-118.53447,34.0146,6525,7196.17945280883
"35",2015-04-04 00:51:47,"AAL185","A0428A",0,"A0428AAAL1850",-118.52953,34.01431,6525,6739.21383262067
"36",2015-04-04 00:51:45,"AAL185","A0428A",0,"A0428AAAL1850",-118.52953,34.01431,6600,6739.21383262067
"37",2015-04-04 00:51:44,"AAL185","A0428A",0,"A0428AAAL1850",-118.528,34.01423,6625,6597.75816036295
"38",2015-04-04 00:51:43,"AAL185","A0428A",0,"A0428AAAL1850",-118.52645,34.01418,6650,6454.69044809245
"39",2015-04-04 00:51:38,"AAL185","A0428A",0,"A0428AAAL1850",-118.51944,34.01376,6775,5806.17385113261
"40",2015-04-04 00:51:37,"AAL185","A0428A",0,"A0428AAAL1850",-118.4408,34.00804,6800,1483.19875654844
"41",2015-04-04 00:51:21,"AAL185","A0428A",0,"A0428AAAL1850",-118.4408,34.00804,6975,1483.19875654844
"42",2015-04-04 00:51:16,"AAL185","A0428A",0,"A0428AAAL1850",-118.4408,34.00804,7300,1483.19875654844
"43",2015-04-04 00:51:10,"AAL185","A0428A",0,"A0428AAAL1850",-118.4408,34.00804,7425,1483.19875654844
"44",2015-04-04 00:51:07,"AAL185","A0428A",0,"A0428AAAL1850",-118.4408,34.00804,7525,1483.19875654844
"45",2015-04-04 00:50:54,"AAL185","A0428A",0,"A0428AAAL1850",-118.4408,34.00804,7750,1483.19875654844
"46",2015-04-04 00:50:40,"AAL185","A0428A",0,"A0428AAAL1850",-118.4408,34.00804,7775,1483.19875654844
"47",2015-04-04 00:50:26,"AAL185","A0428A",0,"A0428AAAL1850",-118.42135,34.00543,7925,3301.42270889442
"48",2015-04-04 00:50:25,"AAL185","A0428A",0,"A0428AAAL1850",-118.42135,34.00543,7950,3301.42270889442
"49",2015-04-04 00:50:19,"AAL185","A0428A",0,"A0428AAAL1850",-118.40395,34.00306,7950,4928.68129115801
"50",2015-04-04 00:50:12,"AAL185","A0428A",0,"A0428AAAL1850",-118.40395,34.00306,7925,4928.68129115801
"51",2015-04-04 00:50:05,"AAL185","A0428A",0,"A0428AAAL1850",-118.39293,34.00154,7925,5959.64327380832
"52",2015-04-04 00:50:00,"AAL185","A0428A",0,"A0428AAAL1850",-118.38718,34.00082,7925,6496.27387764789
"53",2015-04-04 00:49:59,"AAL185","A0428A",0,"A0428AAAL1850",-118.38604,34.00063,7925,6603.51335070384
"54",2015-04-04 00:49:58,"AAL185","A0428A",0,"A0428AAAL1850",-118.38478,34.00045,7925,6721.50481612945
"55",2015-04-04 00:49:54,"AAL185","A0428A",0,"A0428AAAL1850",-118.37813,33.99957,7925,7342.98534854794
"56",2015-04-04 00:49:52,"AAL185","A0428A",0,"A0428AAAL1850",-118.3742,33.99905,7925,7710.26843551195
"57",2015-04-04 00:49:49,"AAL185","A0428A",0,"A0428AAAL1850",-118.3718,33.9987,7925,7935.1462498276
"58",2015-04-04 00:49:47,"AAL185","A0428A",0,"A0428AAAL1850",-118.37013,33.9985,7925,8090.8433637336
"59",2015-04-04 00:49:41,"AAL185","A0428A",0,"A0428AAAL1850",-118.36093,33.99728,7925,8950.70359835455
"60",2015-04-04 00:49:37,"AAL185","A0428A",0,"A0428AAAL1850",-118.35423,33.99635,7925,9577.65750489008
"61",2015-04-04 00:49:35,"AAL185","A0428A",0,"A0428AAAL1850",-118.35207,33.99605,7925,9779.78478750128
"62",2015-04-04 00:49:34,"AAL185","A0428A",0,"A0428AAAL1850",-118.34988,33.99575,7925,9984.64538816995
"63",2015-04-04 00:49:30,"AAL185","A0428A",0,"A0428AAAL1850",-118.34112,33.99459,7925,10803.3769580712
"64",2015-04-04 00:49:21,"AAL185","A0428A",0,"A0428AAAL1850",-118.33127,33.99321,7950,11725.3543301147
"65",2015-04-04 00:49:19,"AAL185","A0428A",0,"A0428AAAL1850",-118.32893,33.99286,7975,11944.7841613681
"66",2015-04-04 00:49:16,"AAL185","A0428A",0,"A0428AAAL1850",-118.31664,33.9912,7975,13094.0631495281
"67",2015-04-04 00:49:11,"AAL185","A0428A",0,"A0428AAAL1850",-118.31664,33.9912,8000,13094.0631495281
"68",2015-04-04 00:49:09,"AAL185","A0428A",0,"A0428AAAL1850",-118.27864,33.98589,8050,16650.918526289
"69",2015-04-04 00:49:06,"AAL185","A0428A",0,"A0428AAAL1850",-118.27864,33.98589,8100,16650.918526289
"70",2015-04-04 00:48:47,"AAL185","A0428A",0,"A0428AAAL1850",-118.27864,33.98589,8150,16650.918526289
"71",2015-04-04 00:48:46,"AAL185","A0428A",0,"A0428AAAL1850",-118.2736,33.98518,8700,17122.7912659917
"72",2015-04-04 00:48:44,"AAL185","A0428A",0,"A0428AAAL1850",-118.2736,33.98518,8775,17122.7912659917
"73",2015-04-04 00:48:40,"AAL185","A0428A",0,"A0428AAAL1850",-118.26588,33.98411,8900,17845.2692610768
"74",2015-04-04 00:48:39,"AAL185","A0428A",0,"A0428AAAL1850",-118.26524,33.98401,8900,17905.3698069933
"75",2015-04-04 00:48:38,"AAL185","A0428A",0,"A0428AAAL1850",-118.26553,33.98406,8925,17878.0514136515
"76",2015-04-04 00:48:36,"AAL185","A0428A",0,"A0428AAAL1850",-118.26149,33.98351,8950,18255.9584791015
"77",2015-04-04 00:48:35,"AAL185","A0428A",0,"A0428AAAL1850",-118.25346,33.98244,9025,19006.6806268473
"78",2015-04-04 00:48:30,"AAL185","A0428A",0,"A0428AAAL1850",-118.25346,33.98244,9150,19006.6806268473
"79",2015-04-04 00:48:29,"AAL185","A0428A",0,"A0428AAAL1850",-118.2514,33.98216,9200,19199.3710187081
"80",2015-04-04 00:48:28,"AAL185","A0428A",0,"A0428AAAL1850",-118.24338,33.98108,9200,19949.376255631
"81",2015-04-04 00:48:27,"AAL185","A0428A",0,"A0428AAAL1850",-118.24338,33.98108,9225,19949.376255631
"82",2015-04-04 00:48:26,"AAL185","A0428A",0,"A0428AAAL1850",-118.24338,33.98108,9250,19949.376255631
"83",2015-04-04 00:48:25,"AAL185","A0428A",0,"A0428AAAL1850",-118.24338,33.98108,9325,19949.376255631
"84",2015-04-04 00:48:22,"AAL185","A0428A",0,"A0428AAAL1850",-118.23984,33.98057,9375,20281.0345231358
"85",2015-04-04 00:48:20,"AAL185","A0428A",0,"A0428AAAL1850",-118.2352,33.97998,9425,20714.3257331463
"86",2015-04-04 00:48:19,"AAL185","A0428A",0,"A0428AAAL1850",-118.23464,33.97989,9425,20766.9614353256
"87",2015-04-04 00:48:18,"AAL185","A0428A",0,"A0428AAAL1850",-118.23355,33.97974,9475,20868.9554226869
"88",2015-04-04 00:48:12,"AAL185","A0428A",0,"A0428AAAL1850",-118.22545,33.97861,9475,21627.1767556569
"89",2015-04-04 00:48:11,"AAL185","A0428A",0,"A0428AAAL1850",-118.21804,33.97764,9525,22319.6573566978
"90",2015-04-04 00:48:08,"AAL185","A0428A",0,"A0428AAAL1850",-118.21804,33.97764,9550,22319.6573566978
"91",2015-04-04 00:48:06,"AAL185","A0428A",0,"A0428AAAL1850",-118.21558,33.97728,9575,22550.2424266347
"92",2015-04-04 00:48:05,"AAL185","A0428A",0,"A0428AAAL1850",-118.21369,33.97704,9575,22726.7341514664
"93",2015-04-04 00:48:04,"AAL185","A0428A",0,"A0428AAAL1850",-118.21115,33.97673,9600,22963.6971586228
"94",2015-04-04 00:48:03,"AAL185","A0428A",0,"A0428AAAL1850",-118.20958,33.9765,9625,23110.8648270482
"95",2015-04-04 00:48:02,"AAL185","A0428A",0,"A0428AAAL1850",-118.20511,33.97592,9625,23528.5122569479
"96",2015-04-04 00:48:00,"AAL185","A0428A",0,"A0428AAAL1850",-118.20511,33.97592,9650,23528.5122569479
"97",2015-04-04 00:47:57,"AAL185","A0428A",0,"A0428AAAL1850",-118.20011,33.97527,9675,23995.7055235138
"98",2015-04-04 00:47:56,"AAL185","A0428A",0,"A0428AAAL1850",-118.19753,33.9749,9700,24237.4071722773
"99",2015-04-04 00:47:51,"AAL185","A0428A",0,"A0428AAAL1850",-118.18829,33.97364,9700,25101.8615218325
"100",2015-04-04 00:47:49,"AAL185","A0428A",0,"A0428AAAL1850",-118.18829,33.97364,9725,25101.8615218325
"101",2015-04-04 00:47:48,"AAL185","A0428A",0,"A0428AAAL1850",-118.17842,33.97234,9750,26024.4354131821
"102",2015-04-04 00:47:44,"AAL185","A0428A",0,"A0428AAAL1850",-118.17842,33.97234,9800,26024.4354131821
"103",2015-04-04 00:47:43,"AAL185","A0428A",0,"A0428AAAL1850",-118.17842,33.97234,9825,26024.4354131821
"104",2015-04-04 00:47:42,"AAL185","A0428A",0,"A0428AAAL1850",-118.17662,33.97211,9850,26192.5589490081
"105",2015-04-04 00:47:36,"AAL185","A0428A",0,"A0428AAAL1850",-118.16345,33.97029,9975,27425.1680759581
"106",2015-04-04 00:47:33,"AAL185","A0428A",0,"A0428AAAL1850",-118.16345,33.97029,10050,27425.1680759581
"107",2015-04-04 00:47:30,"AAL185","A0428A",0,"A0428AAAL1850",-118.15908,33.96968,10050,27834.2825368602
"108",2015-04-04 00:47:27,"AAL185","A0428A",0,"A0428AAAL1850",-118.12623,33.96556,10150,30901.3052181446
"109",2015-04-04 00:47:14,"AAL185","A0428A",0,"A0428AAAL1850",-118.12623,33.96556,10325,30901.3052181446
"110",2015-04-04 00:47:10,"AAL185","A0428A",0,"A0428AAAL1850",-118.12623,33.96556,10375,30901.3052181446
"111",2015-04-04 00:47:03,"AAL185","A0428A",0,"A0428AAAL1850",-118.11235,33.96558,10475,32166.1067333347
"112",2015-04-04 00:47:01,"AAL185","A0428A",0,"A0428AAAL1850",-118.09602,33.96698,10475,33633.2330802751
"113",2015-04-04 00:46:53,"AAL185","A0428A",0,"A0428AAAL1850",-118.09602,33.96698,10600,33633.2330802751
"114",2015-04-04 06:26:28,"EVA610","89908C",0,"89908CEVA6100",-118.21014,34.03038,3675,22857.0785591152
"115",2015-04-04 06:26:22,"EVA610","89908C",0,"89908CEVA6100",-118.21638,34.03341,3775,22320.3951523871
"116",2015-04-04 06:26:21,"EVA610","89908C",0,"89908CEVA6100",-118.22214,34.03487,3775,21812.3313852299
"117",2015-04-04 06:26:17,"EVA610","89908C",0,"89908CEVA6100",-118.22214,34.03487,3850,21812.3313852299
"118",2015-04-04 06:26:12,"EVA610","89908C",0,"89908CEVA6100",-118.22823,34.03546,3925,21263.5723232316
"119",2015-04-04 06:26:07,"EVA610","89908C",0,"89908CEVA6100",-118.28917,34.02992,3975,15609.9688834171
"120",2015-04-04 06:25:41,"EVA610","89908C",0,"89908CEVA6100",-118.28917,34.02992,4050,15609.9688834171
"121",2015-04-04 06:25:29,"EVA610","89908C",0,"89908CEVA6100",-118.28917,34.02992,4775,15609.9688834171
"122",2015-04-04 06:25:27,"EVA610","89908C",0,"89908CEVA6100",-118.28917,34.02992,4800,15609.9688834171
"123",2015-04-04 06:25:26,"EVA610","89908C",0,"89908CEVA6100",-118.35783,34.02233,4800,9219.69027299595
"124",2015-04-04 06:25:22,"EVA610","89908C",0,"89908CEVA6100",-118.35783,34.02233,4900,9219.69027299595
"125",2015-04-04 06:25:12,"EVA610","89908C",0,"89908CEVA6100",-118.35783,34.02233,4950,9219.69027299595
"126",2015-04-04 06:24:58,"EVA610","89908C",0,"89908CEVA6100",-118.35783,34.02233,5350,9219.69027299595
"127",2015-04-04 06:24:43,"EVA610","89908C",0,"89908CEVA6100",-118.35783,34.02233,5850,9219.69027299595
"128",2015-04-04 06:24:42,"EVA610","89908C",0,"89908CEVA6100",-118.35783,34.02233,6325,9219.69027299595
"129",2015-04-04 06:24:39,"EVA610","89908C",0,"89908CEVA6100",-118.36699,34.02126,6500,8366.21904834216
"130",2015-04-04 06:24:37,"EVA610","89908C",0,"89908CEVA6100",-118.36699,34.02126,6525,8366.21904834216
"131",2015-04-04 06:24:33,"EVA610","89908C",0,"89908CEVA6100",-118.37034,34.02086,6650,8053.94337671298
"132",2015-04-04 06:24:31,"EVA610","89908C",0,"89908CEVA6100",-118.37746,34.02005,6700,7390.89969008801
"133",2015-04-04 06:24:29,"EVA610","89908C",0,"89908CEVA6100",-118.37746,34.02005,6775,7390.89969008801
"134",2015-04-04 06:24:26,"EVA610","89908C",0,"89908CEVA6100",-118.39254,34.01834,6825,5986.69908353243
"135",2015-04-04 06:24:20,"EVA610","89908C",0,"89908CEVA6100",-118.39254,34.01834,6900,5986.69908353243
"136",2015-04-04 06:24:19,"EVA610","89908C",0,"89908CEVA6100",-118.39254,34.01834,7025,5986.69908353243
"137",2015-04-04 06:24:18,"EVA610","89908C",0,"89908CEVA6100",-118.39411,34.01814,7050,5840.1370855833
"138",2015-04-04 06:24:17,"EVA610","89908C",0,"89908CEVA6100",-118.39568,34.01797,7050,5694.08226051573
"139",2015-04-04 06:24:16,"EVA610","89908C",0,"89908CEVA6100",-118.3972,34.01777,7075,5552.07932086573
"140",2015-04-04 06:24:12,"EVA610","89908C",0,"89908CEVA6100",-118.40437,34.01692,7100,4883.82046274238
"141",2015-04-04 06:24:11,"EVA610","89908C",0,"89908CEVA6100",-118.40437,34.01692,7200,4883.82046274238
"142",2015-04-04 06:24:05,"EVA610","89908C",0,"89908CEVA6100",-118.41408,34.01581,7225,3979.56137864064
"143",2015-04-04 06:23:58,"EVA610","89908C",0,"89908CEVA6100",-118.42609,34.01437,7450,2860.01371520503
"144",2015-04-04 06:23:55,"EVA610","89908C",0,"89908CEVA6100",-118.43082,34.01385,7450,2420.01400257094
"145",2015-04-04 06:23:54,"EVA610","89908C",0,"89908CEVA6100",-118.43245,34.01367,7500,2268.39488072819
"146",2015-04-04 06:23:52,"EVA610","89908C",0,"89908CEVA6100",-118.43559,34.0133,7575,1975.90966608154
"147",2015-04-04 06:23:46,"EVA610","89908C",0,"89908CEVA6100",-118.44551,34.01239,7575,1058.84437104392
"148",2015-04-04 06:23:45,"EVA610","89908C",0,"89908CEVA6100",-118.44646,34.01228,7725,970.786771306929
"149",2015-04-04 06:23:42,"EVA610","89908C",0,"89908CEVA6100",-118.45128,34.01193,7725,534.430522596498
"150",2015-04-04 06:23:36,"EVA610","89908C",0,"89908CEVA6100",-118.46054,34.01162,7800,392.283988454485
"151",2015-04-04 06:23:35,"EVA610","89908C",0,"89908CEVA6100",-118.46154,34.01166,7925,479.393580037077
"152",2015-04-04 06:23:24,"EVA610","89908C",0,"89908CEVA6100",-118.61773,34.02564,8075,14960.5391054046
"153",2015-04-04 06:23:12,"EVA610","89908C",0,"89908CEVA6100",-118.61773,34.02564,8225,14960.5391054046
"154",2015-04-04 06:23:11,"EVA610","89908C",0,"89908CEVA6100",-118.61773,34.02564,8475,14960.5391054046
"155",2015-04-04 06:23:03,"EVA610","89908C",0,"89908CEVA6100",-118.61773,34.02564,8500,14960.5391054046
"156",2015-04-04 06:22:53,"EVA610","89908C",0,"89908CEVA6100",-118.61773,34.02564,8650,14960.5391054046
"157",2015-04-04 06:22:49,"EVA610","89908C",0,"89908CEVA6100",-118.61773,34.02564,8850,14960.5391054046
"158",2015-04-04 06:22:28,"EVA610","89908C",0,"89908CEVA6100",-118.61773,34.02564,8925,14960.5391054046
"159",2015-04-04 06:22:21,"EVA610","89908C",0,"89908CEVA6100",-118.61773,34.02564,9425,14960.5391054046
"160",2015-04-04 06:21:59,"EVA610","89908C",0,"89908CEVA6100",-118.61773,34.02564,9625,14960.5391054046
"161",2015-04-04 06:21:52,"EVA610","89908C",0,"89908CEVA6100",-118.62931,34.02654,9975,16033.3719227626
"162",2015-04-04 06:21:48,"EVA610","89908C",0,"89908CEVA6100",-118.6936,34.03145,9975,21988.7292463609
"163",2015-04-04 06:21:13,"EVA610","89908C",0,"89908CEVA6100",-118.6936,34.03145,10000,21988.7292463609
"164",2015-04-04 06:21:12,"EVA610","89908C",0,"89908CEVA6100",-118.75191,34.04463,10225,27507.4371207355
"165",2015-04-04 06:21:09,"EVA610","89908C",0,"89908CEVA6100",-118.75191,34.04463,10250,27507.4371207355
"166",2015-04-04 06:20:37,"EVA610","89908C",0,"89908CEVA6100",-118.75191,34.04463,10425,27507.4371207355
"167",2015-04-04 06:20:36,"EVA610","89908C",0,"89908CEVA6100",-118.78567,34.09672,10700,31836.8739301535
"168",2015-04-04 06:19:55,"EVA610","89908C",0,"89908CEVA6100",-118.78567,34.09672,10725,31836.8739301535
"169",2015-04-04 06:01:54,"FDX1508","A83477",0,"A83477FDX15080",-118.585,34.01363,6150,11848.2141399467
"170",2015-04-04 06:01:45,"FDX1508","A83477",0,"A83477FDX15080",-118.46418,34.01134,6325,705.462244424387
"171",2015-04-04 06:01:11,"FDX1508","A83477",0,"A83477FDX15080",-118.46418,34.01134,6350,705.462244424387
"172",2015-04-04 06:01:09,"FDX1508","A83477",0,"A83477FDX15080",-118.46418,34.01134,6900,705.462244424387
"173",2015-04-04 06:00:07,"FDX1508","A83477",0,"A83477FDX15080",-118.46418,34.01134,6950,705.462244424387
"174",2015-04-04 06:00:06,"FDX1508","A83477",0,"A83477FDX15080",-118.46283,34.0112,7750,580.20917621723
"175",2015-04-04 05:59:55,"FDX1508","A83477",0,"A83477FDX15080",-118.44147,34.00868,7775,1412.08160043245
"176",2015-04-04 05:59:49,"FDX1508","A83477",0,"A83477FDX15080",-118.44017,34.00846,8000,1534.12279384043
"177",2015-04-04 05:59:48,"FDX1508","A83477",0,"A83477FDX15080",-118.43637,34.008,8000,1888.440705968
"178",2015-04-04 05:59:34,"FDX1508","A83477",0,"A83477FDX15080",-118.42249,34.00599,8000,3187.92111231068
"179",2015-04-04 05:59:33,"FDX1508","A83477",0,"A83477FDX15080",-118.41619,34.00502,8000,3778.89814603716
"180",2015-04-04 05:59:28,"FDX1508","A83477",0,"A83477FDX15080",-118.41494,34.00487,8000,3895.44952969878
"181",2015-04-04 05:59:17,"FDX1508","A83477",0,"A83477FDX15080",-118.39977,34.00259,8000,5317.83599156211
"182",2015-04-04 05:59:15,"FDX1508","A83477",0,"A83477FDX15080",-118.39854,34.00232,8000,5434.6931053238
"183",2015-04-04 05:59:10,"FDX1508","A83477",0,"A83477FDX15080",-118.39222,34.00134,8000,6027.91237222595
"184",2015-04-04 05:59:07,"FDX1508","A83477",0,"A83477FDX15080",-118.3885,34.00076,8000,6377.15961435013
"185",2015-04-04 05:58:45,"FDX1508","A83477",0,"A83477FDX15080",-118.34243,33.99458,8000,10684.2494285108
"186",2015-04-04 05:58:32,"FDX1508","A83477",0,"A83477FDX15080",-118.34243,33.99458,8125,10684.2494285108
"187",2015-04-04 05:58:31,"FDX1508","A83477",0,"A83477FDX15080",-118.31855,33.9912,8225,12920.132395349
"188",2015-04-04 05:58:25,"FDX1508","A83477",0,"A83477FDX15080",-118.31855,33.9912,8250,12920.132395349
"189",2015-04-04 05:58:13,"FDX1508","A83477",0,"A83477FDX15080",-118.31855,33.9912,8350,12920.132395349
"190",2015-04-04 05:58:11,"FDX1508","A83477",0,"A83477FDX15080",-118.31171,33.99026,8475,13560.0646021646
"191",2015-04-04 05:58:07,"FDX1508","A83477",0,"A83477FDX15080",-118.31037,33.98996,8525,13687.5547821856
"192",2015-04-04 05:58:06,"FDX1508","A83477",0,"A83477FDX15080",-118.30762,33.98959,8550,13944.6944732805
"193",2015-04-04 05:57:59,"FDX1508","A83477",0,"A83477FDX15080",-118.29775,33.98839,8550,14865.2612318563
"194",2015-04-04 05:57:53,"FDX1508","A83477",0,"A83477FDX15080",-118.29069,33.98749,8675,15524.5180101409
"195",2015-04-04 05:57:50,"FDX1508","A83477",0,"A83477FDX15080",-118.25592,33.98285,8725,18775.2018471801
"196",2015-04-04 05:57:41,"FDX1508","A83477",0,"A83477FDX15080",-118.25592,33.98285,8750,18775.2018471801
"197",2015-04-04 05:57:38,"FDX1508","A83477",0,"A83477FDX15080",-118.25592,33.98285,8875,18775.2018471801
"198",2015-04-04 05:57:29,"FDX1508","A83477",0,"A83477FDX15080",-118.25592,33.98285,8925,18775.2018471801
"199",2015-04-04 05:57:28,"FDX1508","A83477",0,"A83477FDX15080",-118.25302,33.9825,9050,19045.6634433862
"200",2015-04-04 05:57:27,"FDX1508","A83477",0,"A83477FDX15080",-118.25151,33.9823,9050,19186.8123947042
"201",2015-04-04 05:57:25,"FDX1508","A83477",0,"A83477FDX15080",-118.23189,33.97984,9075,21018.3429336351
"202",2015-04-04 05:57:13,"FDX1508","A83477",0,"A83477FDX15080",-118.23189,33.97984,9100,21018.3429336351
"203",2015-04-04 05:57:12,"FDX1508","A83477",0,"A83477FDX15080",-118.23029,33.97964,9250,21167.6954593215
"204",2015-04-04 05:57:11,"FDX1508","A83477",0,"A83477FDX15080",-118.22881,33.97948,9250,21305.3975283084
"205",2015-04-04 05:57:04,"FDX1508","A83477",0,"A83477FDX15080",-118.21815,33.9782,9275,22299.5350418166
"206",2015-04-04 05:57:03,"FDX1508","A83477",0,"A83477FDX15080",-118.2167,33.97801,9375,22435.0464511565
"207",2015-04-04 05:57:02,"FDX1508","A83477",0,"A83477FDX15080",-118.21507,33.97778,9375,22587.6740256632
"208",2015-04-04 05:57:01,"FDX1508","A83477",0,"A83477FDX15080",-118.21362,33.9776,9375,22723.0071218577
"209",2015-04-04 05:56:56,"FDX1508","A83477",0,"A83477FDX15080",-118.20585,33.97666,9400,23447.7741843114
"210",2015-04-04 05:56:55,"FDX1508","A83477",0,"A83477FDX15080",-118.20134,33.97604,9450,23869.7888395981
"211",2015-04-04 05:56:53,"FDX1508","A83477",0,"A83477FDX15080",-118.20134,33.97604,9475,23869.7888395981
"212",2015-04-04 05:56:52,"FDX1508","A83477",0,"A83477FDX15080",-118.19984,33.97582,9500,24010.395507776
"213",2015-04-04 05:56:51,"FDX1508","A83477",0,"A83477FDX15080",-118.18912,33.97444,9500,25011.8402760996
"214",2015-04-04 05:56:45,"FDX1508","A83477",0,"A83477FDX15080",-118.18912,33.97444,9525,25011.8402760996
"215",2015-04-04 05:56:44,"FDX1508","A83477",0,"A83477FDX15080",-118.1876,33.97424,9600,25153.9147915432
"216",2015-04-04 05:56:43,"FDX1508","A83477",0,"A83477FDX15080",-118.17993,33.97302,9600,25874.6062711865
"217",2015-04-04 05:56:39,"FDX1508","A83477",0,"A83477FDX15080",-118.17844,33.97294,9675,26011.7998420965
"218",2015-04-04 05:56:35,"FDX1508","A83477",0,"A83477FDX15080",-118.13105,33.96597,9675,30454.8013085317
"219",2015-04-04 05:56:08,"FDX1508","A83477",0,"A83477FDX15080",-118.13105,33.96597,9700,30454.8013085317
"220",2015-04-04 05:56:05,"FDX1508","A83477",0,"A83477FDX15080",-118.12477,33.96572,10000,31031.4477626934
"221",2015-04-04 05:56:03,"FDX1508","A83477",0,"A83477FDX15080",-118.12477,33.96572,10025,31031.4477626934
"222",2015-04-04 00:45:30,"JBU623","ACCA19",0,"ACCA19JBU6230",-118.53281,34.01479,6450,7044.87770358183
"223",2015-04-04 00:45:29,"JBU623","ACCA19",0,"ACCA19JBU6230",-118.53281,34.01479,6575,7044.87770358183
"224",2015-04-04 00:45:28,"JBU623","ACCA19",0,"ACCA19JBU6230",-118.53065,34.01472,6625,6845.53428823042
"225",2015-04-04 00:45:24,"JBU623","ACCA19",0,"ACCA19JBU6230",-118.44269,34.00874,6625,1299.51203603586
"226",2015-04-04 00:45:03,"JBU623","ACCA19",0,"ACCA19JBU6230",-118.44269,34.00874,7375,1299.51203603586
"227",2015-04-04 00:44:41,"JBU623","ACCA19",0,"ACCA19JBU6230",-118.44269,34.00874,7500,1299.51203603586
"228",2015-04-04 00:44:40,"JBU623","ACCA19",0,"ACCA19JBU6230",-118.44269,34.00874,7900,1299.51203603586
"229",2015-04-04 00:44:28,"JBU623","ACCA19",0,"ACCA19JBU6230",-118.44269,34.00874,8000,1299.51203603586
"230",2015-04-04 00:44:27,"JBU623","ACCA19",0,"ACCA19JBU6230",-118.44114,34.00854,8100,1444.20051089288
"231",2015-04-04 00:44:24,"JBU623","ACCA19",0,"ACCA19JBU6230",-118.39376,34.00189,8150,5877.81824313202
"232",2015-04-04 00:44:12,"JBU623","ACCA19",0,"ACCA19JBU6230",-118.39376,34.00189,8350,5877.81824313202
"233",2015-04-04 00:43:57,"JBU623","ACCA19",0,"ACCA19JBU6230",-118.39376,34.00189,8425,5877.81824313202
"234",2015-04-04 00:43:55,"JBU623","ACCA19",0,"ACCA19JBU6230",-118.39136,34.00154,8625,6102.67671307977
"235",2015-04-04 00:43:54,"JBU623","ACCA19",0,"ACCA19JBU6230",-118.38976,34.00134,8650,6251.99860247166
"236",2015-04-04 00:43:53,"JBU623","ACCA19",0,"ACCA19JBU6230",-118.38828,34.00108,8650,6391.44067531904
"237",2015-04-04 00:43:52,"JBU623","ACCA19",0,"ACCA19JBU6230",-118.38667,34.00087,8650,6541.84972238351
"238",2015-04-04 00:43:49,"JBU623","ACCA19",0,"ACCA19JBU6230",-118.34148,33.99449,8675,10772.3902438252
"239",2015-04-04 00:43:34,"JBU623","ACCA19",0,"ACCA19JBU6230",-118.34148,33.99449,8700,10772.3902438252
"240",2015-04-04 00:43:33,"JBU623","ACCA19",0,"ACCA19JBU6230",-118.34148,33.99449,8800,10772.3902438252
"241",2015-04-04 00:43:23,"JBU623","ACCA19",0,"ACCA19JBU6230",-118.34148,33.99449,8850,10772.3902438252
"242",2015-04-04 00:43:18,"JBU623","ACCA19",0,"ACCA19JBU6230",-118.31062,33.99035,8875,13657.6869212091
"243",2015-04-04 00:43:06,"JBU623","ACCA19",0,"ACCA19JBU6230",-118.31062,33.99035,8925,13657.6869212091
"244",2015-04-04 00:43:04,"JBU623","ACCA19",0,"ACCA19JBU6230",-118.31062,33.99035,9025,13657.6869212091
"245",2015-04-04 00:43:03,"JBU623","ACCA19",0,"ACCA19JBU6230",-118.30975,33.99023,9025,13739.0900839919
"246",2015-04-04 00:42:56,"JBU623","ACCA19",0,"ACCA19JBU6230",-118.28556,33.98704,9050,15999.871521236
"247",2015-04-04 00:42:53,"JBU623","ACCA19",0,"ACCA19JBU6230",-118.28556,33.98704,9100,15999.871521236
"248",2015-04-04 00:42:49,"JBU623","ACCA19",0,"ACCA19JBU6230",-118.28556,33.98704,9125,15999.871521236
"249",2015-04-04 00:42:48,"JBU623","ACCA19",0,"ACCA19JBU6230",-118.28481,33.98694,9175,16069.9871560164
"250",2015-04-04 00:42:42,"JBU623","ACCA19",0,"ACCA19JBU6230",-118.27641,33.98583,9175,16855.1079060624
"251",2015-04-04 00:42:41,"JBU623","ACCA19",0,"ACCA19JBU6230",-118.27382,33.98547,9200,17097.5082559005
"252",2015-04-04 00:42:40,"JBU623","ACCA19",0,"ACCA19JBU6230",-118.26536,33.98433,9225,17888.6476467903
"253",2015-04-04 00:42:39,"JBU623","ACCA19",0,"ACCA19JBU6230",-118.26536,33.98433,9250,17888.6476467903
"254",2015-04-04 00:42:33,"JBU623","ACCA19",0,"ACCA19JBU6230",-118.26038,33.98365,9275,18354.519531677
"255",2015-04-04 00:42:32,"JBU623","ACCA19",0,"ACCA19JBU6230",-118.26038,33.98365,9300,18354.519531677
"256",2015-04-04 00:42:31,"JBU623","ACCA19",0,"ACCA19JBU6230",-118.2588,33.98346,9300,18501.8636113236
"257",2015-04-04 00:42:30,"JBU623","ACCA19",0,"ACCA19JBU6230",-118.25712,33.98323,9325,18659.0372022093
"258",2015-04-04 00:42:29,"JBU623","ACCA19",0,"ACCA19JBU6230",-118.2556,33.983,9325,18801.6366651206
"259",2015-04-04 00:42:28,"JBU623","ACCA19",0,"ACCA19JBU6230",-118.25397,33.98276,9325,18954.436875048
"260",2015-04-04 00:42:27,"JBU623","ACCA19",0,"ACCA19JBU6230",-118.25246,33.98254,9350,19095.9465279429
"261",2015-04-04 00:42:26,"JBU623","ACCA19",0,"ACCA19JBU6230",-118.25094,33.98234,9350,19238.0067294407
"262",2015-04-04 00:42:25,"JBU623","ACCA19",0,"ACCA19JBU6230",-118.24316,33.98126,9350,19966.151899461
"263",2015-04-04 00:42:22,"JBU623","ACCA19",0,"ACCA19JBU6230",-118.24316,33.98126,9375,19966.151899461
"264",2015-04-04 00:42:21,"JBU623","ACCA19",0,"ACCA19JBU6230",-118.2415,33.98104,9400,20121.3272532438
"265",2015-04-04 00:42:17,"JBU623","ACCA19",0,"ACCA19JBU6230",-118.2361,33.98026,9425,20627.2796756141
"266",2015-04-04 00:42:16,"JBU623","ACCA19",0,"ACCA19JBU6230",-118.23446,33.98001,9450,20781.1777460838
"267",2015-04-04 00:42:13,"JBU623","ACCA19",0,"ACCA19JBU6230",-118.22393,33.97847,9450,21768.1508914558
"268",2015-04-04 00:42:09,"JBU623","ACCA19",0,"ACCA19JBU6230",-118.22393,33.97847,9475,21768.1508914558
"269",2015-04-04 00:42:06,"JBU623","ACCA19",0,"ACCA19JBU6230",-118.21913,33.97778,9500,22217.8428016257
"270",2015-04-04 00:42:05,"JBU623","ACCA19",0,"ACCA19JBU6230",-118.21695,33.97745,9525,22422.3819380148
"271",2015-04-04 00:41:57,"JBU623","ACCA19",0,"ACCA19JBU6230",-118.18615,33.97289,9550,25310.4510087837
"272",2015-04-04 00:41:56,"JBU623","ACCA19",0,"ACCA19JBU6230",-118.18615,33.97289,9600,25310.4510087837
"273",2015-04-04 00:41:46,"JBU623","ACCA19",0,"ACCA19JBU6230",-118.18615,33.97289,9625,25310.4510087837
"274",2015-04-04 00:41:45,"JBU623","ACCA19",0,"ACCA19JBU6230",-118.18474,33.97271,9700,25442.1404575272
"275",2015-04-04 00:41:44,"JBU623","ACCA19",0,"ACCA19JBU6230",-118.18474,33.97271,9725,25442.1404575272
"276",2015-04-04 00:41:43,"JBU623","ACCA19",0,"ACCA19JBU6230",-118.18301,33.97243,9725,25604.8054968946
"277",2015-04-04 00:41:42,"JBU623","ACCA19",0,"ACCA19JBU6230",-118.18148,33.97224,9725,25747.6051922398
"278",2015-04-04 00:41:41,"JBU623","ACCA19",0,"ACCA19JBU6230",-118.18066,33.97211,9725,25824.6569853161
"279",2015-04-04 00:41:38,"JBU623","ACCA19",0,"ACCA19JBU6230",-118.17587,33.9714,9750,26273.8460588682
"280",2015-04-04 00:41:37,"JBU623","ACCA19",0,"ACCA19JBU6230",-118.12674,33.96515,9775,30862.2948980452
"281",2015-04-04 00:41:31,"JBU623","ACCA19",0,"ACCA19JBU6230",-118.12674,33.96515,9825,30862.2948980452
"282",2015-04-04 00:41:27,"JBU623","ACCA19",0,"ACCA19JBU6230",-118.12674,33.96515,9850,30862.2948980452
"283",2015-04-04 00:41:19,"JBU623","ACCA19",0,"ACCA19JBU6230",-118.12674,33.96515,9875,30862.2948980452
"284",2015-04-04 00:41:07,"JBU623","ACCA19",0,"ACCA19JBU6230",-118.12674,33.96515,9975,30862.2948980452
"285",2015-04-04 00:40:59,"JBU623","ACCA19",0,"ACCA19JBU6230",-118.00538,33.97609,10000,41824.1135273349
"286",2015-04-04 00:40:54,"JBU623","ACCA19",0,"ACCA19JBU6230",-118.00538,33.97609,10050,41824.1135273349
"287",2015-04-04 00:39:54,"JBU623","ACCA19",0,"ACCA19JBU6230",-118.00538,33.97609,10075,41824.1135273349
"288",2015-04-04 01:05:59,"UAL1133","A92365",0,"A92365UAL11330",-118.53256,34.01468,6325,7020.98862484781
"289",2015-04-04 01:05:58,"UAL1133","A92365",0,"A92365UAL11330",-118.46333,34.01079,6375,618.738337842354
"290",2015-04-04 01:05:57,"UAL1133","A92365",0,"A92365UAL11330",-118.46333,34.01079,6400,618.738337842354
"291",2015-04-04 01:05:15,"UAL1133","A92365",0,"A92365UAL11330",-118.46333,34.01079,7775,618.738337842354
"292",2015-04-04 01:05:11,"UAL1133","A92365",0,"A92365UAL11330",-118.45871,34.01041,7800,190.452463267166
"293",2015-04-04 01:05:08,"UAL1133","A92365",0,"A92365UAL11330",-118.40618,34.00334,7900,4720.55314943749
"294",2015-04-04 01:05:06,"UAL1133","A92365",0,"A92365UAL11330",-118.40618,34.00334,7950,4720.55314943749
"295",2015-04-04 01:04:38,"UAL1133","A92365",0,"A92365UAL11330",-118.40618,34.00334,7975,4720.55314943749
"296",2015-04-04 01:04:37,"UAL1133","A92365",0,"A92365UAL11330",-118.40493,34.00319,8650,4837.0921959086
"297",2015-04-04 01:04:33,"UAL1133","A92365",0,"A92365UAL11330",-118.39886,34.00236,8650,5404.83011801269
"298",2015-04-04 01:04:32,"UAL1133","A92365",0,"A92365UAL11330",-118.38705,34.00072,8775,6509.90870608646
"299",2015-04-04 01:04:28,"UAL1133","A92365",0,"A92365UAL11330",-118.38705,34.00072,8825,6509.90870608646
"300",2015-04-04 01:04:25,"UAL1133","A92365",0,"A92365UAL11330",-118.38705,34.00072,8900,6509.90870608646
"301",2015-04-04 01:04:18,"UAL1133","A92365",0,"A92365UAL11330",-118.3746,33.99902,9125,7674.37668630467
"302",2015-04-04 01:04:17,"UAL1133","A92365",0,"A92365UAL11330",-118.3746,33.99902,9150,7674.37668630467
"303",2015-04-04 01:04:16,"UAL1133","A92365",0,"A92365UAL11330",-118.37305,33.99882,9150,7819.14213955252
"304",2015-04-04 01:04:12,"UAL1133","A92365",0,"A92365UAL11330",-118.36704,33.99797,9175,8381.80643602904
"305",2015-04-04 01:04:10,"UAL1133","A92365",0,"A92365UAL11330",-118.33503,33.99358,9275,11376.239597488
"306",2015-04-04 01:03:56,"UAL1133","A92365",0,"A92365UAL11330",-118.33503,33.99358,9350,11376.239597488
"307",2015-04-04 01:03:55,"UAL1133","A92365",0,"A92365UAL11330",-118.33503,33.99358,9725,11376.239597488
"308",2015-04-04 01:03:52,"UAL1133","A92365",0,"A92365UAL11330",-118.33503,33.99358,9750,11376.239597488
"309",2015-04-04 01:03:51,"UAL1133","A92365",0,"A92365UAL11330",-118.33117,33.99305,9850,11737.3517492887
"310",2015-04-04 01:03:48,"UAL1133","A92365",0,"A92365UAL11330",-118.32881,33.99271,9925,11958.426083737
"311",2015-04-04 01:03:47,"UAL1133","A92365",0,"A92365UAL11330",-118.32808,33.99263,9925,12026.3526145855
"312",2015-04-04 01:03:45,"UAL1133","A92365",0,"A92365UAL11330",-118.32197,33.99179,9925,12597.9841264821
"313",2015-04-04 01:03:43,"UAL1133","A92365",0,"A92365UAL11330",-118.32197,33.99179,9975,12597.9841264821
"314",2015-04-04 01:03:41,"UAL1133","A92365",0,"A92365UAL11330",-118.31903,33.99137,9975,12873.3299520542
"315",2015-04-04 01:03:28,"UAL1133","A92365",0,"A92365UAL11330",-118.29786,33.98849,10000,14853.4244019812
"316",2015-04-04 01:03:27,"UAL1133","A92365",0,"A92365UAL11330",-118.2945,33.98799,10150,15168.4816690037
"317",2015-04-04 01:03:26,"UAL1133","A92365",0,"A92365UAL11330",-118.2945,33.98799,10200,15168.4816690037
"318",2015-04-04 01:03:25,"UAL1133","A92365",0,"A92365UAL11330",-118.29271,33.98774,10225,15336.0277673406
"319",2015-04-04 01:03:24,"UAL1133","A92365",0,"A92365UAL11330",-118.29094,33.98751,10250,15501.3890362182
"320",2015-04-04 01:03:21,"UAL1133","A92365",0,"A92365UAL11330",-118.28195,33.98625,10275,16342.9536065922
"321",2015-04-04 01:03:18,"UAL1133","A92365",0,"A92365UAL11330",-118.28195,33.98625,10375,16342.9536065922
"322",2015-04-04 01:03:17,"UAL1133","A92365",0,"A92365UAL11330",-118.2803,33.98602,10425,16497.3905331129
"323",2015-04-04 01:03:16,"UAL1133","A92365",0,"A92365UAL11330",-118.27758,33.98566,10475,16751.6292090343
"324",2015-04-04 01:03:15,"UAL1133","A92365",0,"A92365UAL11330",-118.27452,33.98523,10475,17038.1047428308
"325",2015-04-04 01:03:14,"UAL1133","A92365",0,"A92365UAL11330",-118.27452,33.98523,10525,17038.1047428308
"326",2015-04-04 01:03:13,"UAL1133","A92365",0,"A92365UAL11330",-118.27287,33.98502,10550,17192.1788628158
"327",2015-04-04 01:03:12,"UAL1133","A92365",0,"A92365UAL11330",-118.26479,33.98388,10550,17948.7163087481
"328",2015-04-04 01:03:08,"UAL1133","A92365",0,"A92365UAL11330",-118.26479,33.98388,10575,17948.7163087481
"329",2015-04-04 01:03:07,"UAL1133","A92365",0,"A92365UAL11330",-118.26395,33.98378,10675,18027.0289858962
"330",2015-04-04 01:03:06,"UAL1133","A92365",0,"A92365UAL11330",-118.26187,33.98346,10700,18222.2675312599
"331",2015-04-04 01:03:05,"UAL1133","A92365",0,"A92365UAL11330",-118.26026,33.98328,10725,18372.1544667238
"332",2015-04-04 01:03:04,"UAL1133","A92365",0,"A92365UAL11330",-118.25196,33.98213,10775,19148.9225583744
"333",2015-04-04 01:03:03,"UAL1133","A92365",0,"A92365UAL11330",-118.25196,33.98213,10825,19148.9225583744
"334",2015-04-04 01:02:59,"UAL1133","A92365",0,"A92365UAL11330",-118.25066,33.98197,10900,19270.2187811205
"335",2015-04-04 01:02:51,"UAL1133","A92365",0,"A92365UAL11330",-118.23716,33.98012,10925,20533.2870331296
"336",2015-04-04 06:29:58,"VOZ7","7C6C73",0,"7C6C73VOZ70",-118.36372,34.02107,5950,8661.77517700441
"337",2015-04-04 06:29:57,"VOZ7","7C6C73",0,"7C6C73VOZ70",-118.36519,34.0209,6000,8524.83155712498
"338",2015-04-04 06:29:55,"VOZ7","7C6C73",0,"7C6C73VOZ70",-118.36836,34.02052,6000,8229.30845514235
"339",2015-04-04 06:29:50,"VOZ7","7C6C73",0,"7C6C73VOZ70",-118.37595,34.01962,6050,7521.87899994106
"340",2015-04-04 06:29:43,"VOZ7","7C6C73",0,"7C6C73VOZ70",-118.39554,34.0173,6100,5695.99638383399
"341",2015-04-04 06:29:37,"VOZ7","7C6C73",0,"7C6C73VOZ70",-118.39554,34.0173,6325,5695.99638383399
"342",2015-04-04 06:29:33,"VOZ7","7C6C73",0,"7C6C73VOZ70",-118.40166,34.01656,6400,5125.33810281276
"343",2015-04-04 06:29:32,"VOZ7","7C6C73",0,"7C6C73VOZ70",-118.42292,34.01385,6375,3140.87778663891
"344",2015-04-04 06:29:24,"VOZ7","7C6C73",0,"7C6C73VOZ70",-118.42292,34.01385,6400,3140.87778663891
"345",2015-04-04 06:29:19,"VOZ7","7C6C73",0,"7C6C73VOZ70",-118.42292,34.01385,6575,3140.87778663891
"346",2015-04-04 06:29:16,"VOZ7","7C6C73",0,"7C6C73VOZ70",-118.42941,34.01307,6675,2535.82673375584
"347",2015-04-04 06:29:15,"VOZ7","7C6C73",0,"7C6C73VOZ70",-118.42941,34.01307,6750,2535.82673375584
"348",2015-04-04 06:29:14,"VOZ7","7C6C73",0,"7C6C73VOZ70",-118.43021,34.01303,6750,2462.04646854925
"349",2015-04-04 06:29:13,"VOZ7","7C6C73",0,"7C6C73VOZ70",-118.43313,34.01274,6775,2190.69587148452
"350",2015-04-04 06:29:12,"VOZ7","7C6C73",0,"7C6C73VOZ70",-118.43594,34.01246,6800,1929.55743742886
"351",2015-04-04 06:29:11,"VOZ7","7C6C73",0,"7C6C73VOZ70",-118.43671,34.01239,6850,1858.10023847959
"352",2015-04-04 06:29:06,"VOZ7","7C6C73",0,"7C6C73VOZ70",-118.78544,34.04449,6850,30571.7370997008
"353",2015-04-04 06:28:59,"VOZ7","7C6C73",0,"7C6C73VOZ70",-118.78544,34.04449,6925,30571.7370997008
"354",2015-04-04 06:28:52,"VOZ7","7C6C73",0,"7C6C73VOZ70",-118.78544,34.04449,7025,30571.7370997008
"355",2015-04-04 06:28:38,"VOZ7","7C6C73",0,"7C6C73VOZ70",-118.78544,34.04449,7125,30571.7370997008
"356",2015-04-04 06:28:37,"VOZ7","7C6C73",0,"7C6C73VOZ70",-118.78544,34.04449,7425,30571.7370997008
"357",2015-04-04 06:28:22,"VOZ7","7C6C73",0,"7C6C73VOZ70",-118.78544,34.04449,7450,30571.7370997008
"358",2015-04-04 06:28:06,"VOZ7","7C6C73",0,"7C6C73VOZ70",-118.78544,34.04449,7775,30571.7370997008
"359",2015-04-04 06:26:35,"VOZ7","7C6C73",0,"7C6C73VOZ70",-118.78544,34.04449,8175,30571.7370997008
"360",2015-04-04 06:25:39,"VOZ7","7C6C73",0,"7C6C73VOZ70",-118.78544,34.04449,10050,30571.7370997008
